,ImageNumber,ObjectNumber,Metadata_FileLocation,Metadata_Frame,Metadata_Series,Metadata_Site,Metadata_Site.1,Metadata_Well,Metadata_Well.1,Metadata_experiment,Metadata_fldr,Metadata_ilastik,Metadata_time,Metadata_time.1,Area,Center_X,Center_Y,Center_Z,Compactness,Eccentricity,EulerNumber,Extent,FormFactor,MajorAxisLength,MaxFeretDiameter,MaximumRadius,MeanRadius,MedianRadius,MinFeretDiameter,MinorAxisLength,Orientation,Perimeter,Solidity,Zernike_0_0,Zernike_1_1,Zernike_2_0,Zernike_2_2,Zernike_3_1,Zernike_3_3,Zernike_4_0,Zernike_4_2,Zernike_4_4,Zernike_5_1,Zernike_5_3,Zernike_5_5,Zernike_6_0,Zernike_6_2,Zernike_6_4,Zernike_6_6,Zernike_7_1,Zernike_7_3,Zernike_7_5,Zernike_7_7,Zernike_8_0,Zernike_8_2,Zernike_8_4,Zernike_8_6,Zernike_8_8,Zernike_9_1,Zernike_9_3,Zernike_9_5,Zernike_9_7,Zernike_9_9,Location_Center_X,Location_Center_Y,Location_Center_Z,Number_Object_Number,Parent_pplt
5006,107,1,,0,0,1,1,C6,C6,,,,18,18,1776,160.0,43.0,1.0,4.0414036813017935,0.9308120330146364,1.0,0.3088695652173912,0.082250922138989,126.775377947803,115.41230437002808,10.295630140987,3.1607461110093014,2.23606797749979,47.72130958214888,46.33617677854466,-76.64450794981602,520.9019999999982,0.4085106382978724,0.1694393274800007,0.0230056625803406,0.0471647000524214,0.0412650194647833,0.0321490131661341,0.0086366670908183,0.0013386700158094,0.0232481170983141,0.0234203557514315,0.0223804682934237,0.0159175832649516,0.0058621296146791,0.0119767548779595,0.0149292400797379,0.0148978799649714,0.0148410933129745,0.0061243631127155,0.0115755894816062,0.0091279162920014,0.0041221649594469,0.0132703349827446,0.0052212775098946,0.004396493942297,0.0135614075656917,0.0087379435660729,0.0047978162842818,0.0098327156345688,0.0103330670098543,0.0024573331896926,0.0036244912234513,146.2117117117117,58.0320945945946,0,1,1
5007,107,2,,0,0,1,1,C6,C6,,,,18,18,2097,424.0,100.0,1.0,3.6234273288166072,0.8722744560341649,1.0,0.1676258992805755,0.0326033224050542,124.76126990638724,150.58552387264854,10.295630140987,2.6238173024230163,2.0,69.37274273440215,61.01033690376093,77.20589525849901,899.0279999999966,0.2717025136045607,0.1175783668370372,0.0167461080167934,0.0627155397726985,0.0141868556476497,0.0208475889517677,0.0078332577555834,0.0246873480887093,0.0126650161785452,0.005760356675892,0.0155362879309946,0.0124220261352724,0.0039026288692553,0.0033856061638779,0.0109133934626861,0.0066885612229598,0.0051207531913122,0.0100070143118915,0.0112283356594635,0.0040459158299803,0.0021003356413065,0.0001019840628414,0.0093807214866414,0.0080093101738138,0.0048204141004196,0.0038712890043184,0.0028228121837206,0.007876204313858,0.0044420052848421,0.0017120654871992,0.0009718868136335,420.8078206962328,74.36194563662374,0,2,2
5008,107,3,,0,0,1,1,C6,C6,,,,18,18,1556,601.0,99.0,1.0,4.989367734633451,0.9116643395660244,1.0,0.2029212310902451,0.0391243354285242,129.84088291747057,108.06016842481785,8.06225774829855,2.2408487812451927,2.0,56.49660481605418,53.35625133443156,73.8888405574044,706.9459999999976,0.3455474128358871,0.1656353453891036,0.028920733205487,0.0187514248191949,0.0531468510033825,0.0084985665047445,0.0051815573906534,0.0066563309524525,0.0177096604717348,0.0193005444833698,0.0086579364708811,0.0051562706163129,0.0083742174630515,0.0034280282865237,0.0069130657325225,0.0049018376360842,0.0164607265396289,0.0057411591347504,0.0077561301877339,0.0020852389749481,0.0085758516332254,0.0059689400210458,0.0054702368973965,0.0151046002818086,0.0059986896077099,0.0123331437201115,0.0059712969170975,0.0022313934263476,0.0040557213829128,0.0019290920959375,0.0038880413481103,606.1535989717223,60.96015424164524,0,3,3
5009,107,4,,0,0,1,1,C6,C6,,,,18,18,2139,879.0,28.0,1.0,2.6549161160637977,0.911423081935048,1.0,0.2455797933409873,0.0855749987748554,111.04473781135056,139.7855500400524,16.1245154965971,5.093343420014797,4.0,62.765024303843525,45.691632891706966,-11.917641673930088,560.4499999999982,0.3958179126572908,0.1393786789246936,0.060138706853787,0.0359062251265416,0.0439672188103042,0.0351775668393277,0.0206188309625888,0.0030312212424684,0.0331165934073791,0.0169017280522075,0.0085977533786159,0.0198693630822664,0.0065025515412956,0.001230166239387,0.0099145039743358,0.0181019593862264,0.0058090668053456,0.0069040554248766,0.0059930833056174,0.0086329960107072,0.0017063459896244,0.0100251408151276,0.0085057215045393,0.0050741210195635,0.0086738106981508,0.0016275333943777,0.0046262173420337,0.0056492545073018,0.0023835159242525,0.0023811186662797,0.0011611780801073,883.9555867227676,25.604955586722767,0,4,4
5010,107,5,,0,0,1,1,C6,C6,,,,18,18,2284,816.0,112.0,1.0,4.026263161298413,0.8449275333899005,1.0,0.1426073926073926,0.0271008159606206,134.71340014764516,149.57606760441325,7.280109889280518,2.2401556450814533,2.0,84.30146220911283,72.05561037417394,-28.83223447463175,1029.109999999996,0.2621370366119591,0.1297920556296949,0.0341565602666384,0.0439881812148725,0.0147399012570016,0.0265536283733381,0.0034086799729786,0.0033671874655947,0.0094510537354456,0.010151230969657,0.0189449666517722,0.0076391138848904,0.0077147371249645,0.003509029032795,0.0012892680177349,0.0065435716922833,0.00584576829767,0.0101761401618535,0.0102682955272164,0.009131102582434,0.0043641866319467,0.0046414445297206,0.00842235955951,0.0074279769960342,0.0041836906913866,0.0005150328738151,0.0041125021622209,0.0069876587030393,0.004398236709486,0.0052584885203574,0.0008143867047684,818.7570052539405,91.13660245183888,0,5,5
5011,107,6,,0,0,1,1,C6,C6,,,,18,18,1086,715.0,101.0,1.0,2.927239028282528,0.8506127520122116,1.0,0.2245657568238213,0.0713505484764782,79.55070935248153,85.42833253669417,8.06225774829855,2.4466427045026045,2.0,41.55026919848199,41.82718095173554,39.316571207439694,437.34199999999873,0.4046199701937406,0.1894473212298586,0.0331115633585193,0.0728134065627463,0.0264988670786258,0.0309134064283124,0.0182666527523626,0.018241936725279,0.0186943496743454,0.0122677097095848,0.0284389563601442,0.0176036504343673,0.0039908887433504,0.009508419898622,0.0044915870297594,0.0091888016186351,0.0129594976342661,0.0172680903478794,0.0025898521775282,0.0033229714288755,0.0052988289936601,0.0055828817304749,0.002393640537206,0.011075554002221,0.0110430193883241,0.0067004108718435,0.0029405864326629,0.0134671689446111,0.0010190427080563,0.009741446737541,0.0039653372470632,700.0791896869245,104.54604051565376,0,6,6
5012,107,7,,0,0,1,1,C6,C6,,,,18,18,2017,1029.0,167.0,1.0,2.778026374584238,0.9176686755889883,1.0,0.2348625989753143,0.0565432631862191,110.84622406055963,117.99152511939153,14.212670403551895,3.7899991752276136,2.8284271247461903,47.413246347445344,44.04435369822255,65.08162575470408,669.525999999998,0.4336235622917338,0.1813318631901448,0.0595184297036233,0.0509132174958294,0.0512119126007799,0.0314933991604315,0.0199535192109612,0.0040621474039439,0.035233261180839,0.0161695089091098,0.0053183816395272,0.0166356271446541,0.0067882989826409,0.0064963977008873,0.0095482168353593,0.0168324556331756,0.0013209944359257,0.0044272774644894,0.0058812050289842,0.006943561926126,0.0050488727359842,0.0077119667400429,0.0018836635794641,0.0069434842260187,0.005425369296716,0.003631305414326,0.0070138637802205,0.0023488703266502,0.0033907029252851,0.0026901687819118,0.0050852861593081,1026.196331184928,152.69013386217154,0,7,7
5013,107,8,,0,0,1,1,C6,C6,,,,18,18,1587,682.0,208.0,1.0,3.874946525585584,0.8535581677663383,1.0,0.2066406249999999,0.0348279445445149,110.8159323432394,120.66896867049124,7.211102550927977,2.022255281603636,1.4142135623730951,60.37383539249432,57.73483001042558,75.51431376705568,756.7099999999973,0.3164191007875585,0.1387700815531009,0.012133176028529,0.0620280151642285,0.0213524325730203,0.0181325423388905,0.0052454074007994,0.0132822786325287,0.0118673378522862,0.0083434656824471,0.0060159882240346,0.0064265487312254,0.0029846532550819,0.0061337344971169,0.0045401191920599,0.0008581804064744,0.005490554213151,0.0126353240413491,0.0064516320180901,0.0041030291907179,0.0018542518280333,0.0090253248139361,0.008398714417578,0.0061210195678484,0.0014473571077523,0.0043527602620978,0.0091323933889231,0.009849527334285,0.0057347015668679,0.0033394051291333,0.0012404789924575,684.1663516068053,177.94959042218022,0,8,8
5014,107,9,,0,0,1,1,C6,C6,,,,18,18,1044,970.0,131.0,1.0,1.6109487828978013,0.6788925444084272,1.0,0.3860946745562129,0.2056032219017318,52.725723789253365,56.080299571239806,12.36931687685298,3.953023054905896,3.1622776601683795,43.52430338515718,38.713211043743485,44.93156027111136,252.6039999999996,0.5600858369098712,0.4041248700392251,0.0833208603603118,0.1074849835725577,0.0550906604467337,0.056191968267404,0.0360073648307456,0.0008263669391401,0.0445020224233069,0.0212692352260635,0.0071408809960103,0.0229390621360388,0.0103742507555636,0.0173902707635793,0.0135073549852185,0.002513165933105,0.0086161507599098,0.0093696173764884,0.0140222416205125,0.0113701554187609,0.0126046720784413,0.0100417371980168,0.0098900915193068,0.0080590220352535,0.0176612312831745,0.0072810726999806,0.012159487306314,0.0129837703706845,0.0081881903162694,0.0038791468970845,0.004199263883342,973.0708812260536,135.3994252873563,0,9,9
5015,107,10,,0,0,1,1,C6,C6,,,,18,18,4398,396.0,174.0,1.0,3.0594737780655348,0.7644069487093375,1.0,0.2431446262715612,0.0206191190272979,155.29584887269854,166.20770138594662,11.704699910719626,2.8646292614552897,2.23606797749979,107.79495879599956,100.12452418548736,37.59265825322514,1637.1839999999936,0.3245516936019481,0.2027043445337645,0.0363565237603996,0.0639518465474805,0.0224742486502998,0.0326030267794465,0.0032571514622142,0.0245366784051492,0.0160175993842018,0.0072843122022993,0.0146183154313715,0.0036116840793147,0.0070709203228254,0.0187702879008834,0.0020410704877913,0.0157721914289279,0.0029072741562159,0.0076642511127353,0.003494108405718,0.0124523231440773,0.0029777674304165,0.0056638976023276,0.006268474188689,0.0143032080348701,0.0020366811213934,0.0028232754638971,0.0035487442831219,0.0047493120687729,0.0132318145781806,0.0053244077354761,0.001788144161007,410.0763983628922,199.91564347430648,0,10,10
5016,107,11,,0,0,1,1,C6,C6,,,,18,18,804,1232.0,175.0,1.0,4.19549603669583,0.9303252456075896,1.0,0.1985185185185185,0.1135442718764904,86.91076109817894,80.44874144447506,8.602325267042625,2.7926160921272647,2.23606797749979,41.055300570304354,31.87326266199624,-28.107588893757203,298.2979999999994,0.3665374971506723,0.1579743242335812,0.0417438977679876,0.0315779066384101,0.0504987337339768,0.0239377032301161,0.0074030794377556,0.0090159410194869,0.0387737559587629,0.0177531006462674,0.0100698158732937,0.0116851319362485,0.0088488272573527,0.0117833642227328,0.0153351588039496,0.0202617167579327,0.0146753310127052,0.0098508419146077,0.0061027831988458,0.0047188335314235,0.0089157029270131,0.0054639395681727,0.00561881037517,0.0093504841627346,0.0108674774667827,0.0118292411702063,0.006975043623691,0.0085028996044218,0.0039026592566837,0.0055302956384542,0.0031469705584003,1221.608208955224,180.87437810945275,0,11,11
5017,107,12,,0,0,1,1,C6,C6,,,,18,18,1702,918.0,190.0,1.0,2.396895222878721,0.7690941653581951,1.0,0.3283179012345678,0.0452061050367943,85.77679926227574,87.32124598286491,8.48528137423857,2.5304982345895444,2.0,57.77319679610292,54.82299597182044,-64.55631261100241,687.8379999999977,0.4521785334750266,0.2814251603832755,0.0452213276196763,0.0773119809436478,0.0324341896800323,0.0354743679216908,0.0183732173729866,0.0145967797678643,0.0098537403416852,0.0259696433213551,0.0090822408870513,0.011255835645713,0.0124308855795576,0.0083730513057216,0.0136617160241397,0.0087335737419223,0.0104377655992319,0.0042833638507239,0.0269374526964733,0.0140600391551499,0.0078765441137549,0.0099909319666776,0.021883593158309,0.0054799755897131,0.0084880655798375,0.0048277241041698,0.0053426454405683,0.0198850323459555,0.0116654281074601,0.0079460550440479,0.0057424583403704,906.0428907168035,205.6216216216216,0,12,12
5018,107,13,,0,0,1,1,C6,C6,,,,18,18,1538,202.0,206.0,1.0,1.389018359041823,0.7783719353092065,1.0,0.4302097902097902,0.1451075279311307,62.42158086816976,64.6297145282261,14.422205101855956,4.509500123942617,3.6055512754639887,49.957865535994095,39.188481759906125,80.63861826921881,364.9539999999992,0.596933824956336,0.4547317220739848,0.0054280743481476,0.1678178447501558,0.0621869051732045,0.017178383283202,0.0076546580307339,0.0316906315046645,0.0259291382400997,0.0215191921926861,0.0125039833547373,0.0232213732963888,0.0178431371049249,0.0109406776762433,0.0101852214613288,0.0226225364774373,0.0063088725194975,0.0107537068268571,0.015515355463222,0.01086334588892,0.014306307612158,0.0130210733577222,0.0028728633400006,0.0070246448866698,0.0145834676285977,0.0024813905759594,0.0121360711469138,0.0015654198905891,0.0057132456790595,0.0053897283010011,0.005843020898893,203.34200260078023,204.26918075422623,0,13,13
5019,107,14,,0,0,1,1,C6,C6,,,,18,18,778,639.0,206.0,1.0,3.133124907356185,0.8166018507147198,1.0,0.2205215419501133,0.0561878540360758,68.17681882080358,71.02816342831905,6.0,1.83660120649346,1.4142135623730951,41.61698156236726,39.35175298225588,-54.39216669456044,417.1319999999988,0.3759362164774099,0.1963489327658982,0.0311616537105205,0.0656668197954332,0.0302352078864774,0.0278494684565332,0.0105842345599533,0.0086951818045491,0.0194298611937725,0.0185294333342344,0.0158759935360157,0.0089860651097101,0.006495880246988,0.0167438316513166,0.0036070997184931,0.0187829454986477,0.0078656696336216,0.0050852988581193,0.0113371775319345,0.0050763858973494,0.0022684032009192,0.0163169389154926,0.0056936484572468,0.0108151466097527,0.0058141911302942,0.0005723980569569,0.0040041870282274,0.0173747899576691,0.005901998143287,0.0057879638770144,0.003257854361789,633.0951156812339,214.3200514138817,0,14,14
5020,107,15,,0,0,1,1,C6,C6,,,,18,18,1582,263.0,286.0,1.0,3.4437860262281603,0.6783675923803024,1.0,0.1506666666666666,0.0312465802625536,94.78951281471194,109.01834707974616,10.770329614269007,2.7540401644304406,1.7071067811865477,80.4,69.64400444613534,-39.78389584961686,797.6399999999973,0.2486444007858546,0.1586142889743373,0.0438850682793849,0.0478670503704382,0.009136663861759,0.038326453456513,0.0154850037533822,0.0096393764792012,0.0078873253477329,0.013624831960891,0.0247521572828088,0.0094920165184675,0.0123456138347759,0.0101091298387797,0.0129713842312156,0.0084162676062606,0.0034138390432002,0.0077730131488152,0.0064972110890502,0.0044776521000408,0.0026496688229661,0.0022413977576951,0.0122516285100988,0.0081653546226445,0.0049139929452659,0.0065402639958284,0.0061772939902021,0.0013098571437573,0.0079005023343598,0.0031309974736294,0.0028552460026249,264.31289506953226,275.8988621997472,0,15,15
5021,107,16,,0,0,1,1,C6,C6,,,,18,18,1500,722.0,261.0,1.0,1.35531958025406,0.3764821572143694,1.0,0.3607503607503607,0.1724523639146208,52.748204994751056,67.20863039818622,15.652475842498529,5.046139691552642,4.123105625617661,56.31372794493524,48.86719616105384,7.354816450365521,330.6099999999992,0.6193228736581337,0.3401269191738127,0.0367438443213243,0.1753961223756031,0.0066879607396874,0.029640975648415,0.0316434850643725,0.0577321055928092,0.0101790184486092,0.0106557186512193,0.0075583104261302,0.0296963315930601,0.0049149338493869,0.0034702747746778,0.0011300640228719,0.0155599293997585,0.0102411760770326,0.009286999697484,0.016954492962829,0.0057802170108211,0.0043921397687242,0.0097354060803322,0.0057712032062379,0.0065567601294256,0.0031207259214388,0.0040604706063128,0.0065065279539635,0.0023181991984434,0.0068652603816653,0.0061776270848229,0.0059710676603845,720.7799999999999,262.878,0,16,16
5022,107,17,,0,0,1,1,C6,C6,,,,18,18,1083,513.0,261.0,1.0,5.454467963534679,0.9753792718462068,1.0,0.2983471074380165,0.0574401669523019,119.58118266554312,120.59850745345068,7.615773105863907,2.1473716767470776,2.0,28.711870894267932,26.37172491460982,88.87464861967061,486.7559999999987,0.3880329630956646,0.0948101228649739,0.0084760712999837,0.0442646019751037,0.0222194587698436,0.0083118642475773,0.0044143624125881,0.0136903944558868,0.0226671532062799,0.0094954601028607,0.0057511705410161,0.0077725482865091,0.0023245688269688,0.0031366067141929,0.0153134326536228,0.0100356334020472,0.005794813153679,0.0068213607455941,0.0092919414283488,0.0040151652934502,0.0013681371968265,0.0020288661971351,0.0122940119589069,0.0052230242200526,0.0067243801529348,0.0040086853835871,0.0038852586275919,0.0080397070074109,0.0038043019558131,0.0028248264549016,0.0008175826988604,512.0009233610342,282.38504155124656,0,17,17
5023,107,18,,0,0,1,1,C6,C6,,,,18,18,1301,1209.0,258.0,1.0,6.677992929386714,0.9183741771959136,1.0,0.1496434322521278,0.0395202239520643,138.0752349088251,125.5746789762968,7.211102550927977,2.0346795521077765,1.4142135623730951,65.51133297384972,54.63818153287029,-5.677058188147428,643.181999999998,0.2234051687129733,0.1050469051747381,0.013251406788511,0.0280129753662023,0.0267876606133316,0.0066553784693251,0.0042506017087345,0.0080670212040689,0.0169604545147946,0.0113809251717551,0.0077998219666829,0.0088844172007448,0.0006984146446076,0.021810772518667,0.0023203127938065,0.00392385651187,0.0085604925919029,0.0049790562163719,0.0077282639004015,0.0013456130356094,0.0004136473451794,0.0273712481434829,0.0027734834895632,0.0022029327287839,0.003975963289852,0.0064551809947843,0.0073084995714377,0.0046312710383127,0.0024879107854683,0.0006246106012566,0.0003263542675378,1202.7624903920062,263.347425057648,0,18,18
5024,107,19,,0,0,1,1,C6,C6,,,,18,18,1780,818.0,305.0,1.0,2.191343158031364,0.8351556253139437,1.0,0.23566794651132,0.0789103910223244,87.22079180516143,106.07544484940895,11.6619037896906,3.357161575100608,2.8284271247461903,57.39386533472004,47.972631315149115,46.46027572285448,532.4119999999987,0.4268585131894484,0.2007752463798365,0.0994758574761741,0.0138265009247019,0.0301122976010295,0.0515858140141463,0.0140906750998761,0.0438395205375738,0.0295911612992178,0.0115926180063972,0.0115994336698667,0.0048024937786849,0.0035732643359736,0.0067850702021682,0.0083686136976562,0.0037663964964355,0.0072021785061911,0.0085223923850829,0.0012153135574133,0.0035624426704686,0.0032200333627179,0.0089990688534664,0.0025876881877702,0.009125959588287,0.0020475000893658,0.0051490586157586,0.0033142903446216,0.0067932494905619,0.0044036084815621,0.0025715835660676,0.002576890586811,810.688202247191,306.85786516853926,0,19,19
5025,107,20,,0,0,1,1,C6,C6,,,,18,18,1652,892.0,322.0,1.0,2.3598997005352023,0.8519313476511488,1.0,0.2703764320785597,0.0555690945521443,88.16042392087874,93.90420650854784,9.219544457292889,2.7485025583525724,2.23606797749979,50.270941820945914,46.16551377548917,-13.007129328586103,611.213999999998,0.4190234622701331,0.2385338770585721,0.0136619562549631,0.1026943662552638,0.0378136152359034,0.016232330534791,0.001850820597535,0.0415455409736609,0.0141133184747571,0.015079256077669,0.0130654037855428,0.0140792031150464,0.0036403674161701,0.0232014627794448,0.007325098145587,0.0113288508337357,0.0115243426719409,0.0047234851459282,0.0200197799276363,0.0100818482016956,0.0029816422375335,0.0125199501905217,0.0076688458698525,0.0109549154531856,0.009081089208895,0.0105091985933372,0.0075870654995571,0.0115648653724727,0.0101354111411888,0.0070181047229625,0.0017456168102388,889.8855932203389,322.1180387409201,0,20,20
5026,107,21,,0,0,1,1,C6,C6,,,,18,18,882,243.0,325.0,1.0,1.1985900542567147,0.6861851234229894,1.0,0.586436170212766,0.2572562987077317,41.96040669870689,48.33218389437829,12.083045973594572,3.9719410298028306,3.1622776601683795,31.0,30.52313091959905,89.62067633255302,207.56599999999972,0.7313432835820896,0.4795109304623562,0.0379658637622552,0.1982334134812109,0.0444268416881381,0.0181368729777506,0.0108366395322541,0.0257805854562765,0.0152757128640533,0.003996453320059,0.0117497443772526,0.0174171042223235,0.0085547257316258,0.0197763623617996,0.0076018925759141,0.0007216641909733,0.0115831104841288,0.012978871211741,0.016706303559662,0.0123512509301182,0.0118969721967947,0.0143947747036284,0.0015780146926248,0.0074662882473752,0.0097221380889523,0.0112854740327122,0.006407268828116,0.0018125423140533,0.0167541531633948,0.0131748552564508,0.006741414785763,241.90362811791385,326.1678004535148,0,21,21
5027,107,22,,0,0,1,1,C6,C6,,,,18,18,759,959.0,324.0,1.0,1.117389460801829,0.7409605817340726,1.0,0.5444763271162123,0.4965211049691473,38.5930457866049,41.48493702538308,12.0,4.590296156243771,4.123105625617661,26.63624768471808,25.917102826322495,-68.20820996007885,138.598,0.8372862658576943,0.5615274924195167,0.0395942881745185,0.2036162045972836,0.0641031791901648,0.0126000239633803,0.0228024789461174,0.007058231699669,0.0325962777878492,0.0055112022615864,0.012635669371062,0.0071959055051549,0.0073775801606755,0.0251050734316921,0.0119984546558171,0.0106508201314701,0.0141369780426124,0.0056363523487562,0.0139872298117015,0.0033893698055139,0.0025728540445763,0.0007020402436427,0.0143658267920415,0.0119186321829083,0.0068272745785576,0.0127763807342171,0.0037838583942606,0.0077122444264961,0.0062435812147815,0.0031490584798466,0.0062122969492201,958.798418972332,327.67325428194994,0,22,22
5028,107,23,,0,0,1,1,C6,C6,,,,18,18,1183,388.0,370.0,1.0,2.344726394782493,0.7876953329749993,1.0,0.2623059866962306,0.0883786364858084,71.48772467578512,86.92525524840292,9.0,2.8134815612811845,2.23606797749979,48.964746417729735,44.041083836654806,53.12837057609101,410.13199999999887,0.3901715039577836,0.1993438831950367,0.0443560195063316,0.0864298626143263,0.0112042842086436,0.0419309809811632,0.0071813583503166,0.0280687815741536,0.0173095064830917,0.0137503348100998,0.0196004680455898,0.0176376492487057,0.0039859952403833,0.0145262521673389,0.011668386314042,0.0074258943760092,0.0111649638250006,0.021418486436198,0.0181401624418219,0.0054273268948474,0.0025092985532826,0.0075906437266049,0.0029728082436425,0.007632814644365,0.008878383830045,0.0061481462191637,0.0177713481260295,0.0064148172433546,0.005045470012207,0.0063716229248329,0.0026732825412592,380.98732037193577,367.4150464919696,0,23,23
5029,107,24,,0,0,1,1,C6,C6,,,,18,18,1970,1342.0,387.0,1.0,4.581754844882178,0.8535252151831739,1.0,0.1394196744515215,0.0465981622960068,134.22782757713938,157.40711546813887,13.0,3.1159642886294647,2.23606797749979,75.04362587026176,69.93961623258825,86.83911222394843,728.8759999999977,0.2520148394524753,0.101234285955857,0.0099966099186009,0.0523044422607458,0.0142131874258846,0.0220132307425671,0.0042158836550346,0.0218182956307,0.0089871256358296,0.0086421858128359,0.019319731456109,0.0049327809253955,0.0026434056961341,0.0001015548737992,0.0097177847463699,0.0049366405066863,0.0060777824003136,0.0110308523751232,0.0066019039659413,0.001652161020981,0.0022513356867016,0.014689953540514,0.0132840668399602,0.0020319469333401,0.0050596742903391,0.0044897929244925,0.0081301606371401,0.005648792986165,0.0042297992730793,0.0014013701059223,0.0018623548144273,1344.867005076142,401.597461928934,0,24,24
5030,107,25,,0,0,1,1,C6,C6,,,,18,18,2288,1141.0,357.0,1.0,6.597256462701776,0.9518894700461282,1.0,0.1856540084388185,0.031958046531958,187.09663851691093,159.3549497191725,7.810249675906654,2.546186713700969,2.0,69.60772438542756,57.33418795144226,6.851482167797577,948.5119999999968,0.2712829025373487,0.1147189130642692,0.0198545984115955,0.021023649113004,0.0392931419095915,0.0300995894065303,0.0039705437129083,0.0039980175177066,0.0239786771146063,0.0159835028677538,0.0062258945751581,0.0094764441985598,0.008163805440397,0.0040658999490743,0.0079530787245433,0.0098404530659527,0.0082147081476812,0.0036195797441801,0.0075893471670092,0.0037140383043313,0.0064694834295169,0.001361587344238,0.006220247045683,0.0043774969527228,0.0063686379203198,0.0050583860614946,0.0027542630223322,0.0026945535680286,0.000777108980733,0.0063383563622764,0.0040525471692913,1112.8391608391607,368.9969405594405,0,25,25
5031,107,26,,0,0,1,1,C6,C6,,,,18,18,3249,316.0,381.0,1.0,3.057331927288756,0.682659067153005,1.0,0.1647565922920892,0.0419576525362226,128.19851759392571,176.91806012954132,13.41640786499874,3.9648353784611055,3.0,95.32361385363959,93.67940320932446,28.003841290912614,986.4479999999965,0.2981828193832599,0.1319761067052632,0.0650481148710751,0.0146028736487768,0.023973541239511,0.0370419741713018,0.0184940430931591,0.0223213990489946,0.0221621818717223,0.0208698007538385,0.0010266283338092,0.0084683772039437,0.0116190666992897,0.0133139282413473,0.0095578432178572,0.0118989764282662,0.0040005168864605,0.0056918415327473,0.0101715739178469,0.0135868907770746,0.005652135547992,0.004969293786731,0.0040445556255567,0.0063170409281516,0.0060703863698226,0.0075749939093414,0.0062213307891464,0.0021325847486939,0.0042959391004602,0.0029829193041036,0.0029306741257941,289.18436441982146,394.81563558017854,0,26,26
5032,107,27,,0,0,1,1,C6,C6,,,,18,18,973,692.0,374.0,1.0,1.8228888666061072,0.8905758635100031,1.0,0.502063983488132,0.3016696386871559,61.136778815767606,56.88585061331157,11.704699910719626,4.015250720592769,3.6055512754639887,31.217918977507715,27.807130266870093,7.999616087856162,201.32399999999976,0.6967418546365914,0.382837477449726,0.0555035970963278,0.0995728492165028,0.0953702843681294,0.0292965813913214,0.005382282476596,0.0180055127252299,0.0598491776404992,0.0268399083618835,0.0247296401677284,0.0209245007508706,0.0033395061016326,0.0120782904246873,0.005986363264769,0.0168601824962813,0.0097042213575891,0.0160102542778065,0.0201186705317289,0.0115060247614053,0.0040240338424185,0.0063295105197913,0.0018251354456451,0.0077025556625616,0.0003885360391922,0.0071648001678215,0.0063474832967738,0.008418887431336,0.0072674733268234,0.0048072880349864,0.0028608723038975,701.884892086331,376.26515930113055,0,27,27
5033,107,28,,0,0,1,1,C6,C6,,,,18,18,3096,975.0,437.0,1.0,3.031023369008184,0.8744768108723308,1.0,0.2986111111111111,0.0522557601002716,138.8516071752858,138.19189556555045,13.892443989449804,3.565950483176132,2.8284271247461903,75.85498287777698,67.35237730148485,82.54002090552626,862.8559999999967,0.3783222337630597,0.2064172189610966,0.0331044599150406,0.0666528170469473,0.04184936990359,0.0256452432867754,0.0119511083887275,0.0161344664702332,0.0239029637582085,0.0048738963282869,0.0209301746770613,0.0173435856103658,0.0035072257236704,0.0129196232158872,0.0186604974672769,0.0025920012732626,0.0044780873559576,0.0091684000327812,0.0183289756419633,0.0033794069741135,0.0027129915652498,0.0129961496738426,0.0221598459216756,0.0089245406021207,0.0052498384465683,0.0059506577327205,0.0015500361271535,0.0103382993486821,0.0036389334579181,0.0027832758543982,0.0011899509841016,986.7955426356589,443.03520671834633,0,28,28
5034,107,29,,0,0,1,1,C6,C6,,,,18,18,1128,1252.0,435.0,1.0,4.891277883697901,0.7882413529467096,1.0,0.1325187969924812,0.032168930060778,100.808562912567,112.78741064498288,5.385164807134504,1.6854432696480122,1.4142135623730951,64.43193298698485,62.03418305710419,12.3427999984944,663.8059999999978,0.2484855160259941,0.1127008668635951,0.0143600964978171,0.047100861175028,0.0122164326413362,0.0171853239933335,0.0016899020945527,0.0051657441225821,0.001520507209219,0.0122339462672069,0.0114217514642439,0.0031788117491341,0.0020412453148207,0.0119560180231298,0.0042787390729941,0.0131716100189038,0.0063654496567099,0.0060284476448784,0.0064417190720428,0.004009503996805,0.0004088942477075,0.0159036943090884,0.002857465936418,0.0095676783498407,0.0052392325212484,0.0051019451481507,0.0016332969138657,0.0072272335808419,0.0051636248369109,0.0018081961048979,0.0009412785315284,1253.54609929078,422.53634751773046,0,29,29
5035,107,30,,0,0,1,1,C6,C6,,,,18,18,1013,821.0,456.0,1.0,6.067913284985588,0.8597740022196733,1.0,0.1686646686646686,0.0471390397467729,111.2578730036609,96.89685237405804,5.656854249492381,1.92943354046092,1.4142135623730951,60.72237558389596,56.816582649397205,35.67456357104772,519.6599999999984,0.2374311496542833,0.1373726338072978,0.0148696958449478,0.0196444866620121,0.0342384459346114,0.0211760532967923,0.0020949208028813,0.0174606963458357,0.0135794126143663,0.0184189037711291,0.0210389653812659,0.005364957466551,0.0039493920727012,0.0139824255276815,0.0041498135618769,0.0050318221524509,0.0150350492202114,0.0048109957175386,0.0078140904711915,0.0006890262457075,0.0021706603593694,0.011625966917401,0.0088929400029327,0.0078971056145083,0.0112119627242359,0.0083690465240006,0.010261002285465,0.0125972235278051,0.0044614333811616,0.0009431973934091,0.0012665497184666,823.827245804541,440.41559723593286,0,30,30
5036,107,31,,0,0,1,1,C6,C6,,,,18,18,1044,403.0,424.0,1.0,1.8331000289607555,0.6660027775193375,1.0,0.2409972299168975,0.1035841809133338,55.922738270962974,75.02666192761077,12.16552506059644,3.533832008351041,2.23606797749979,51.32561645314056,41.71552529944381,7.630266702727507,355.88399999999933,0.4313158438339186,0.236103360001383,0.0635245567095216,0.0997344978012939,0.028864182404459,0.0528563895361902,0.0105547882079413,0.0190355922823907,0.0235889891030957,0.0090692113477496,0.0234906944982977,0.0210808631863829,0.004061622470708,0.0027585025785884,0.0088538750913352,0.0072641161701422,0.0095638704996245,0.0101552632274515,0.0133165081253345,0.006209201565213,0.0044977132947686,0.0001308546621906,0.0017697255385012,0.0032790019282429,0.0027925173562069,0.0064226272799604,0.0082425739078996,0.0086803347095678,0.0075109529404067,0.0055832193205048,0.0046045606501712,404.93103448275855,429.14367816091954,0,31,31
5037,107,32,,0,0,1,1,C6,C6,,,,18,18,1054,176.0,433.0,1.0,2.349614240575619,0.8450750983604544,1.0,0.3131313131313131,0.0978620950394145,69.96985661861055,71.69379331573968,9.055385138137416,2.8603954927038377,2.23606797749979,46.21986436662234,37.40921734948624,-85.39674457565397,367.88999999999913,0.4392581787872473,0.2610884202628135,0.0598810909048868,0.0734542146898475,0.0411177702031097,0.0219757019118245,0.0372179356446639,0.021099667343423,0.0299445466446786,0.0160374765288795,0.0131260229673356,0.0382818467356558,0.0068998820028207,0.0268143858704113,0.0053841266175277,0.0111524837883999,0.0133859306443435,0.0097803632704674,0.0128063912684426,0.006206202284328,0.0010617996918152,0.0232194137111995,0.013402054721247,0.0079980626948155,0.0054153347347862,0.006331325558641,0.0085919307311521,0.0098752507751359,0.0027057249951818,0.001483451086396,0.0007180553778993,169.20493358633777,447.0398481973434,0,32,32
5038,107,33,,0,0,1,1,C6,C6,,,,18,18,768,785.0,457.0,1.0,4.198140660468073,0.931021817903226,1.0,0.2403003754693366,0.0829853052566791,85.02055211102342,73.82411530116701,8.06225774829855,2.266565459168706,2.0,43.121351532204656,31.02940039678765,23.512020100205937,341.0239999999992,0.3530222937255803,0.1789544020673642,0.028423353976309,0.0357363543398796,0.0481047627561961,0.0265054475786151,0.0220018067862058,0.0175610080533306,0.027504211617881,0.014109564808219,0.0182583891198412,0.0223331381488982,0.013789217090725,0.009056360937172,0.0046598339028576,0.0116562274745189,0.0063719065982933,0.0128045509326695,0.0069753246124326,0.0188583114098587,0.0052156621517007,0.0095454983651321,0.0114853428247263,0.0090910641148438,0.0050992242332017,0.0058220349302034,0.0048237591542412,0.0068738311355532,0.0051689986027329,0.0103367464078986,0.0015044399328312,766.6497395833333,447.38020833333326,0,33,33
5039,107,34,,0,0,1,1,C6,C6,,,,18,18,2729,1191.0,468.0,1.0,4.9667161641338655,0.946254244201242,1.0,0.2724368573425177,0.0541492483557411,176.43979118516964,158.71042813879623,14.317821063276352,3.9154888374101446,2.8284271247461903,60.578756089777016,57.06481435010484,89.22148876327203,795.8119999999974,0.3386066133134809,0.1379439722729071,0.0369433940793025,0.0236466654070788,0.0482170684791028,0.0254709528598652,0.0111465438402991,0.0081178962519217,0.0324187674112421,0.020697737299619,0.003220493942126,0.0148449534048437,0.0028235724768862,0.003694123758541,0.0162410364207842,0.0146160013029305,0.0104508535844729,0.0078001235840887,0.0102810801408179,0.0090985289502584,0.0016864614647296,0.0078381661659416,0.0056565288694062,0.0144263878852213,0.0039169219674529,0.0057992705098467,0.0055694888004619,0.0055115729538969,0.0033718435894095,0.003521781678199,0.0033424280920847,1179.16965921583,480.75009160864784,0,34,34
5040,107,35,,0,0,1,1,C6,C6,,,,18,18,5599,1353.0,541.0,1.0,1.7713339215284292,0.7579909449971032,1.0,0.3715328467153284,0.0363821532447656,132.88393790322897,164.92422502470643,22.0,5.688974407176596,3.6055512754639887,106.0059468779024,86.67555164508862,54.5440724341782,1390.643999999995,0.4723499388366306,0.2620907430504476,0.0219698747383121,0.1367317876472421,0.0262944584574662,0.0334376713034959,0.0080944536599046,0.0403499508840523,0.0185255974549508,0.0131397511248335,0.0159429550561969,0.013481898182711,0.0048231349136264,0.0014335451468492,0.009599613875661,0.0130558209630193,0.0061384983899716,0.0037552032279152,0.0120035298218814,0.0015844182094334,0.0041878290701348,0.0012240422162285,0.0061659313485783,0.0116378741472198,0.001751740464,0.0047995436977508,0.0021931329161387,0.0025359075635079,0.0048528725977085,0.0045319102686253,0.0025945145830162,1343.8608680121447,536.9146276120736,0,35,35
5041,107,36,,0,0,1,1,C6,C6,,,,18,18,812,1267.0,550.0,1.0,2.642369337282703,0.902190358070298,1.0,0.2861169837914023,0.1206522077865544,67.81729727185069,68.30812543175226,7.280109889280518,2.5450798864584487,2.0,36.153461170975646,29.252184254051127,-15.531772199266342,290.81399999999945,0.4362073596561911,0.2215753344031187,0.0192017319120122,0.0885185037223568,0.0462069044077205,0.0158191572258291,0.010924863276151,0.0105746775928212,0.0441970903220964,0.0162302872190714,0.0124379115871342,0.008386703229281,0.0088576166966194,0.0126705210827489,0.0309395211683572,0.0100623378385506,0.0095415859866455,0.0047638161448579,0.0013776944701636,0.0086708421933179,0.0071067874125752,0.018788089613613,0.0152344325762115,0.0142281912629346,0.0123485717437423,0.0049796342097509,0.0053707043345212,0.0063896754751022,0.0014108064189775,0.0097227255451552,0.0048554782976939,1256.4187192118227,550.0086206896551,0,36,36
5042,107,37,,0,0,1,1,C6,C6,,,,18,18,1611,1022.0,582.0,1.0,2.1449953063202343,0.6464764640546882,1.0,0.3151408450704225,0.0637192964336247,74.49872808058474,76.69419795525603,8.54400374531753,2.70860900289101,2.23606797749979,57.43135664182402,56.83760738857037,-30.265031224774585,563.6599999999984,0.4655396618985695,0.3482705551099764,0.011832051536496,0.0874248141254179,0.0339934020154487,0.0165106393884168,0.0233754824541777,0.0164584265074776,0.0232382944685422,0.0186556484607276,0.0378628679338562,0.02272382912067,0.0131490719698975,0.0032924863034325,0.0119189607023211,0.024492483132609,0.01199150670475,0.024889358838758,0.0042775624576982,0.0155625928809032,0.009375728393863,0.0022109082322962,0.0011603626123184,0.0185451932417042,0.0035956910052459,0.0123343435339525,0.0089514702671097,0.0075683438305934,0.0135209132095777,0.0118318480692278,0.0038690859993949,1000.1744258224704,575.4345127250156,0,37,37
5043,107,38,,0,0,1,1,C6,C6,,,,18,18,864,79.0,595.0,1.0,4.508592573815026,0.9594456501251212,1.0,0.3272727272727272,0.1030830222209034,95.73444525081379,88.45903006477066,5.830951894845301,2.269938747598632,2.0,28.205916447223217,26.986934672416947,-87.73469712452744,324.5399999999992,0.3957856161245991,0.1405851714570199,0.0092812926395596,0.0502510058959978,0.0386241761171612,0.0045847189342391,0.0079425417454902,0.0123725605571696,0.0315877058300755,0.0156278789311835,0.0107318760946684,0.0078720013976273,0.0049117531665226,0.0094838364480788,0.0099860876222075,0.0200468100317026,0.006892812891171,0.0165264113800789,0.009756387457017,0.0051871742899566,0.0028786399164011,0.0073837234954191,0.0006443822952154,0.0123934900734908,0.0092075112548566,0.0054866505110769,0.015125657018574,0.0084990932315513,0.0074747606549578,0.0028083515615546,0.0019660728867047,84.19907407407406,592.4131944444445,0,38,38
5044,107,39,,0,0,1,1,C6,C6,,,,18,18,842,813.0,605.0,1.0,5.078803347357538,0.6977478558258623,1.0,0.1647104851330203,0.0281348114515828,84.72892264853918,79.32212806020776,3.1622776601683795,1.3864350053687016,1.0,58.40562608325455,60.69500825224339,25.451942534544173,613.2519999999979,0.224443555910969,0.1682999050651015,0.028881499891051,0.0147153643245062,0.0207301663751139,0.0221890274555901,0.0157803873428283,0.0012468628067828,0.0040360539320724,0.0103724611360648,0.0080124993159365,0.0052632061128492,0.015159345539577,0.0076471857677537,0.0081116189648172,0.0045894764653443,0.0076658513757564,0.0066087373546088,0.0092590214960262,0.0100976571650423,0.0054607243934331,0.0015823163855008,0.0108166082636242,0.0001415971272182,0.0063493025518905,0.0086124844377214,0.0054739919257178,0.0089886013613984,0.0052625842406078,0.002728192380474,0.0088028788627844,829.4726840855105,596.2399049881235,0,39,39
5045,107,40,,0,0,1,1,C6,C6,,,,18,18,1695,226.0,617.0,1.0,2.5199095343935847,0.9105073899195264,1.0,0.3054054054054053,0.1004370368161904,96.25070497266623,83.24061508662703,13.038404810405298,3.7571159370049823,3.0,55.29370366649688,39.79897318106698,-46.95329171820376,460.5139999999987,0.4834569309754706,0.3111403998420986,0.0293347189910201,0.0617887193147754,0.085729187077893,0.0263907106414907,0.0146202993700747,0.0055883245031461,0.0595594382458832,0.024630420978119,0.0201253151236006,0.0108864191702435,0.0043357125610675,0.0236805436421281,0.0181163466073981,0.0178271677766577,0.010869034987465,0.0025950993905636,0.0072501987535732,0.0017538441216054,0.0052187472755895,0.0128823184427777,0.0114614024337494,0.0053300848983838,0.0087848798587216,0.0025804848291332,0.0052256569222531,0.0045311916672368,0.0098565636690718,0.0009496325979452,0.0086023431328077,238.9221238938053,604.8047197640118,0,40,40
5046,107,41,,0,0,1,1,C6,C6,,,,18,18,1881,1293.0,642.0,1.0,3.4100217854768067,0.7541743218041986,1.0,0.2055737704918032,0.0263669650711258,106.67201376779518,121.2023102090055,10.04987562112089,2.2575368651296164,1.4142135623730951,69.33168123211719,70.04876640093238,21.141514117278465,946.8239999999968,0.308108108108108,0.1630335999759592,0.0241596567670919,0.0652350229117369,0.015037643677174,0.0209417265582208,0.0056606765834241,0.0105906371032764,0.0143629662373063,0.0099902617504453,0.0017851527068803,0.0102008263336497,0.0027695470665201,0.0027067412840559,0.0103319341959193,0.0058147638898281,0.0036717818780369,0.0070276304135188,0.0143300087812221,0.0089068667389044,0.0021555837597484,0.0037688228141391,0.0049177964881079,0.0027515230300761,0.0054689590187789,0.004018835480026,0.0069919773258569,0.0084827426158895,0.0125639339123624,0.0015533492540449,0.0013686564953578,1292.5459861775653,620.4295587453481,0,41,41
5047,107,42,,0,0,1,1,C6,C6,,,,18,18,1073,769.0,650.0,1.0,4.565366411559499,0.8992142657675807,1.0,0.1463447899618112,0.0747227485206305,102.18255231860942,101.41498903022176,10.770329614269007,2.9674032487855158,2.0,56.93633160253294,44.705737137517566,-26.424349160439483,424.7939999999985,0.2920920103443582,0.1279839875154056,0.0383204733813514,0.030290504977698,0.0325027672497788,0.0338701433667931,0.0188117377612886,0.0045615220007819,0.0277609959585529,0.0009679332707445,0.0046948353059437,0.0197778172981009,0.0146975688915778,0.0021696508939429,0.012045017414672,0.0085979248311412,0.0057400978297165,0.0068024572809144,0.0133569585274778,0.0121083233332173,0.0073930750440935,4.413145470986839e-05,0.0050805433851985,0.0075457595110458,0.0069543694876898,0.005198651116898,0.0010676450364412,0.0067613419882565,0.0061608498573687,0.0053754516393054,0.0037175458613704,753.909599254427,651.4557315936627,0,42,42
5048,107,43,,0,0,1,1,C6,C6,,,,18,18,881,1129.0,636.0,1.0,7.234993790160511,0.3828599000450383,1.0,0.1295588235294117,0.0402305242343853,93.44623302610928,91.28526715741155,5.0,1.6696869176999611,1.4142135623730951,70.97019311371578,86.32622975684194,-47.04580280566642,524.5839999999986,0.1982002249718785,0.1260901538487424,0.0312832346232154,0.0045686770558913,0.0058844047673424,0.007200241950806,0.0318787338825075,0.009744870343047,0.011740908223662,0.0175322656973597,0.0108033502232678,0.0114191915078815,0.00601646959665,0.012343637527813,0.0103274608507674,0.0054624579512229,0.0084576490558328,0.0084419124479382,0.0150569588129372,0.0062007617462485,0.01036040274982,0.0005321647205768,0.003124931287126,0.011623215265786,0.0051265445980191,0.0027096182289491,0.0025929553425112,0.0016421601319001,0.0086837645735034,0.0030323148544492,0.0075461533427088,1127.2531214528944,670.3530079455164,0,43,43
5049,107,44,,0,0,1,1,C6,C6,,,,18,18,1801,915.0,699.0,1.0,3.644123283609389,0.9658869946623044,1.0,0.3361328854050018,0.0792128533401873,124.94853112597986,113.21660655575224,11.40175425099138,3.221416576329151,2.8284271247461903,42.1283752357007,32.35716182403043,10.358951742429788,534.5199999999984,0.4801386296987469,0.1788972086181953,0.0275750955082018,0.0537691038440019,0.0521768134234801,0.0177033020422799,0.0159594704138357,0.0080332500439879,0.0340331430458026,0.0248487411256028,0.0107892272525291,0.018498032707106,0.0085767313438128,0.0069231585493772,0.012571598105717,0.0200263820639666,0.0131372828775975,0.0043424520455473,0.0097083856892765,0.0128259002719439,0.0047834677662359,0.0011344294038263,0.0116722248385672,0.0054651502423088,0.0110103756632188,0.0074476078744972,0.0034005064878895,0.0104689641084057,0.0079043442774043,0.0079739557019141,0.0027252000690677,880.2154358689615,692.4247640199889,0,44,44
5050,107,45,,0,0,1,1,C6,C6,,,,18,18,3508,1320.0,725.0,1.0,3.165507913557203,0.7931490171609151,1.0,0.1669363281621776,0.025402877948841,143.37291707745928,158.14550262337528,19.026297590440446,4.276360754193985,2.23606797749979,114.1560576780188,87.31806583086154,-5.845640138389715,1317.3259999999957,0.2777623817253255,0.1763777763731623,0.0372488434523763,0.0622461143774957,0.0285566000963186,0.0319145949000299,0.0187374844755247,0.005976311219502,0.0307305212573916,0.0118808873445043,0.0138888199515369,0.021674205526433,0.0045134407665955,0.0051249079027301,0.0175131326525397,0.0122732731956476,0.0049978505109612,0.005734401297504,0.0138734284718372,0.0039205675119627,0.0048084785111965,0.0001832471388204,0.0040098173949204,0.0090722732869545,0.0006221173455156,0.0022001678603168,0.0045391120981285,0.0065445850701779,0.0052368612448271,0.0060212746363395,0.0048008294002401,1300.1120296465222,732.9917331812999,0,45,45
5051,107,46,,0,0,1,1,C6,C6,,,,18,18,888,1023.0,723.0,1.0,1.331233126343954,0.5920907263234864,1.0,0.4019918515165233,0.1855683770419735,42.71775818795105,48.08326112068522,10.816653826391969,3.79170791884257,3.1622776601683795,39.354796403996296,34.42501584449788,75.4451516322012,245.2219999999996,0.6158113730929266,0.4538938576774825,0.086060024935676,0.1478221985582215,0.0140830400120372,0.048962199194159,0.0464906787251912,0.0207690807094754,0.0127911356563088,0.0110167860055443,0.0070429220014033,0.0248071542062557,0.020649792194751,0.0144245227769729,0.0005192152034947,0.0106401995334266,0.0122895513123746,0.0116078281685837,0.0031514774236265,0.0220294177197692,0.0119208391097929,0.0024084305883368,0.0060585013557802,0.0097394925909998,0.0108199534964956,0.0083329525730268,0.0065446604191873,0.0059842079321936,0.0135755636105771,0.0049600582323687,0.0046239367830974,1022.4313063063064,724.0360360360362,0,46,46
5052,107,47,,0,0,1,1,C6,C6,,,,18,18,1026,649.0,750.0,1.0,1.7588351219026932,0.572529350231284,1.0,0.2804811372334609,0.0963266280119323,52.394007154495625,67.54257916307313,11.180339887498947,3.2910630210461127,2.23606797749979,49.372138276860014,42.95701997351018,74.0003552855474,365.8519999999991,0.4394945384450632,0.2828281908710685,0.0513179024392769,0.1241445717318601,0.0192337822330622,0.0413522899990329,0.0220268369964214,0.0384354851525431,0.0260130722327695,0.0126752670398867,0.0187054202724882,0.0149509707655519,0.00676744330515,0.0112647568082726,0.0119814814115105,0.0124052640215674,0.0019635312563544,0.0063536991043553,0.0146655319288849,0.0084801225737176,0.0093103930803459,0.0013547631152195,0.0033625813587084,0.0176713844862793,0.0024532194185278,0.001265020199054,0.0059047365051341,0.0135301186290516,0.0035832331926615,0.0057718313363768,0.0052087460333113,648.9152046783626,748.3947368421053,0,47,47
5053,107,48,,0,0,1,1,C6,C6,,,,18,18,1093,901.0,765.0,1.0,2.8701748897851407,0.6400738421631088,1.0,0.2627403846153846,0.0385187229492561,70.80360257995464,68.70953354520753,7.071067811865476,1.9251374313416345,1.4142135623730951,51.75280120372648,54.39935644425518,41.29236673454028,597.1439999999982,0.3829041863723944,0.2792803434252593,0.0078115226552583,0.0549768686598988,0.0290369301937001,0.0332533204354906,0.0170349788614275,0.0366279293755237,0.0013531539623431,0.0052168084539374,0.0269706106682704,0.0170038681631871,0.005995067952106,0.0165501480461901,0.0143118840452911,0.0028070336585203,0.005152739334595,0.0104149039970925,0.0126199215627502,0.0112545746470339,0.0118947501957281,0.0038985077631773,0.0127363975109405,0.0145071746859411,0.0104774647314336,0.0089739864906713,0.0027696962964107,0.0150402736701077,0.0119375960360207,0.0107782837575201,0.0050760256341394,886.0137236962488,766.633119853614,0,48,48
5054,107,49,,0,0,1,1,C6,C6,,,,18,18,1655,852.0,884.0,1.0,3.9258084081153015,0.9120872146563698,1.0,0.2093346825196053,0.044793376589882,118.8300671851428,135.14806694880988,8.54400374531753,2.539639998994781,2.0,49.44000962784792,48.719880171893735,83.16641834388813,681.3919999999977,0.3573742172316994,0.1153688172207333,0.0303599733412655,0.0471376425700654,0.0249926822828126,0.0242694022387138,0.0102511434972339,0.0113501764308458,0.0170325810452522,0.0105262290028541,0.0112985932326763,0.0091545112337475,0.0059594803370663,0.0068422462330165,0.0065324793925238,0.0090072746477813,0.005567164609848,0.00880571731151,0.0024690438615266,0.0076256235854781,0.0040193004295885,0.0017717087963132,0.0093017564899011,0.002917991350189,0.0053809286220791,0.003505474971743,0.006306562201291,0.007527422480748,0.0013127418885735,0.0063593973044476,0.0029615292438735,845.5758308157101,850.0779456193353,0,49,49
5055,107,50,,0,0,1,1,C6,C6,,,,18,18,899,978.0,807.0,1.0,2.35608602961348,0.8326315912715757,1.0,0.31,0.0871394825682325,64.19942487008515,58.69412236331676,7.615773105863907,2.4080712927464822,2.0,37.029540904031194,35.55539152865582,-50.69219561684071,360.06199999999893,0.4832034399355011,0.332261930541919,0.0434200235146629,0.0608065011122508,0.0723160312109275,0.0305428024999619,0.0097625472195393,0.0097631801793825,0.0393360916651954,0.0119492820444663,0.026101085373292,0.0099924945573336,0.0065453841401786,0.0255954503595295,0.0093497013880106,0.0245243538629097,0.012639433717099,0.0144301072412885,0.0131962535705894,0.0137625229058963,0.0019476020926655,0.0001957648027552,0.0152875699846057,0.0235412725832208,0.0052313437081434,0.0097724630997753,0.0090814487988648,0.0128953817075464,0.0054453555192482,0.0041741563122031,0.0037748942533952,986.2981090100112,805.2703003337042,0,50,50
5056,107,51,,0,0,1,1,C6,C6,,,,18,18,1775,722.0,887.0,1.0,2.165729287531565,0.814373860137322,1.0,0.3056129476584021,0.1153045443251774,85.47178696811838,89.49860334105777,11.180339887498947,3.695205512611124,3.0,57.428537228799335,49.60274842057152,35.82437926966663,439.8259999999986,0.4976868077947567,0.2818294273177832,0.0764355748141739,0.0686439756199621,0.0219295265064782,0.0527812965275634,0.0223692808298431,0.031816218204377,0.0217759167446168,0.031885626273601,0.0153958980924015,0.023282209178189,0.0136943809391604,0.0200811793996503,0.0083486079163673,0.0315003250974525,0.002372239202062,0.0055604480210567,0.0130101404618155,0.013759725411521,0.0087818732799453,0.0151173098069637,0.0061463413166054,0.0055247092912577,0.0039269031221562,0.0070968906083769,0.0108166600694723,0.0091558376155189,0.0078657080322355,0.0091564482487875,0.0024568062797742,705.8467605633803,873.8569014084505,0,51,51
5057,107,52,,0,0,1,1,C6,C6,,,,18,18,1480,580.0,944.0,1.0,6.995797705965045,0.9141690580508705,1.0,0.1306497175141243,0.0377680067842292,150.22165657922864,144.03124660989366,6.708203932499369,2.0963283270161615,1.4142135623730951,68.45395841815024,60.88981185102436,52.08241464156578,701.7359999999977,0.2291731186125735,0.090836082246712,0.0204875860920033,0.0238706712903193,0.0174081152303957,0.0276222976759328,0.0022428813606168,0.0092152191151177,0.0080926683881463,0.0110783566643278,0.0131108294097435,0.0050176425077746,0.004288874257948,0.0096611533294915,0.0117586490381407,0.00858409266303,0.0074058686022164,0.006161460469672,0.0031063646938804,0.0041471520024518,0.002649481066569,0.005790097483609,0.0071782233553914,0.0037024368432101,0.0078852683071839,0.0047207338328417,0.0045288043938334,0.0079614162631099,0.0025610873385103,0.0028982212582913,0.0018074176606801,563.3020270270271,918.2175675675677,0,52,52
5058,107,53,,0,0,1,1,C6,C6,,,,18,18,878,1095.0,875.0,1.0,10.75204110012218,0.9383543120584272,1.0,0.1088789682539682,0.0348815056540279,146.28657012839014,125.76565508913792,5.385164807134504,1.7023431849761042,1.0,58.485234087507926,50.56760577372399,-3.68628842926774,562.4119999999986,0.1715178745848798,0.0703476814901211,0.014636813894878,0.0110791526016453,0.0178733971516824,0.0149095190567733,0.0073524750426992,0.001316257763238,0.0081107660422392,0.0138538156400127,0.0092669569597632,0.0109879393078122,0.0023443951537895,0.0004728377159335,0.0057838660828601,0.0047817020725261,0.0099198371474426,0.0060283950814131,0.0043945955241158,0.0050387066633317,0.0024081630646172,0.0013040515448347,0.0010623111495777,0.00282489624568,0.005840706340959,0.0064882240078237,0.0043472705635083,0.0063287783230163,0.0017281665577397,0.0054600405052454,0.0016364796019046,1042.7653758542142,883.2232346241459,0,53,53
5059,107,54,,0,0,1,1,C6,C6,,,,18,18,1130,522.0,953.0,1.0,4.442521495294288,0.8497537418949834,1.0,0.1609686609686609,0.0444660416700893,99.88016705860728,92.17917335276988,5.0,1.8365791519327943,1.4142135623730951,61.66361476982842,52.654809961768954,53.755627827571146,565.1059999999984,0.2910495814552479,0.1655618109597414,0.0337137077992758,0.0301348978224321,0.0292113559653927,0.0310523059193119,0.0151075818365254,0.0068457197353986,0.0165753574420878,0.0090212020707535,0.0219394721668475,0.0111121030764196,0.014387160792314,0.0014418586482076,0.0164854361907621,0.0100265769867789,0.0074809226972068,0.008801171585816,0.0035162575337479,0.0080111212174447,0.0035542668571095,0.0042311393906155,0.0103654418347267,0.0113951592567568,0.0069625517784832,0.0048838107326849,0.0066820756813868,0.0052563672670947,0.0071532511653472,0.0038728505542327,0.0091178875759103,493.4752212389381,944.8327433628318,0,54,54
5060,107,55,,0,0,1,1,C6,C6,,,,18,18,1402,848.0,936.0,1.0,4.220755225630726,0.528119674084902,1.0,0.1236113560218656,0.0266267098986881,93.4383112381076,108.46658471621572,9.899494936611664,2.3525865910379866,1.4142135623730951,87.6111066379283,79.3450064046305,18.49994286300759,813.4299999999974,0.2095821810299723,0.1393424535691536,0.0388454845378741,0.0357324594052365,0.0083896155607465,0.0280916395840481,0.0148144811505041,0.0153447223664823,0.0149930773098955,0.0070007302862138,0.0042330311924476,0.0183167716422868,0.010440541151017,0.0157421884283321,0.0076766726866192,0.0122508218993553,0.0048999603340349,0.0058442982043156,0.0133430379927094,0.010593906199868,0.0039919359100391,0.0082897298144546,0.0098351751490708,0.0102616626274535,0.0044888904598648,0.0037093137560179,0.0060176615720802,0.0047945456184095,0.0082398601448875,0.0063781852111455,0.0019111463421489,856.4272467902997,949.912981455064,0,55,55
5061,107,56,,0,0,1,1,C6,C6,,,,18,18,1827,1332.0,952.0,1.0,2.8788559653278423,0.9134887956808252,1.0,0.2211864406779661,0.0704755232800298,107.0445055263971,125.35549449465708,11.04536101718726,3.299126357422208,2.8284271247461903,45.183253647842825,43.55254328748936,55.93037326356051,570.7619999999984,0.4352072415435923,0.1480341509629083,0.0387106401627146,0.0647010721206455,0.0251706232954959,0.0412512215524575,0.0085829759332626,0.0059013295332027,0.0197940110021595,0.0109164825147257,0.0274843792843888,0.0116651438102596,0.0040619046076081,0.0185297542381946,0.0081495842746334,0.0096852321252955,0.0063603402070272,0.0110679410145175,0.0100737441730148,0.003428022036799,0.003438776713875,0.0220077139243856,0.0043095607487018,0.0072893042715018,0.007262798103675,0.0040146675413303,0.001637024302404,0.0037199313181912,0.0036059448431069,0.0054044208002968,0.0025263912553587,1344.2523262178431,964.3426382047072,0,56,56
5062,107,57,,0,0,1,1,C6,C6,,,,18,18,741,438.0,975.0,1.0,1.7352131479698731,0.8668411771455004,1.0,0.3877551020408163,0.2038893967251505,51.19498289824806,54.589376255824725,11.6619037896906,3.5241144362689334,2.8284271247461903,29.954754093760805,25.525018274778542,58.63175731224139,213.70599999999976,0.6159600997506234,0.3166008398150186,0.0380973075014295,0.1335011821372895,0.0544938609044336,0.0513915535518682,0.0197719141016304,0.0217970616084914,0.0434327317664324,0.0150175063394788,0.0218391866114359,0.0190970371265008,0.010054019804133,0.0091455500889383,0.011115760262242,0.0094331480962674,0.0073604283852001,0.0071506586403323,0.0097394928692639,0.0143557638627664,0.004499110696538,0.015290689648652,0.008163338290718,0.0057268249096551,0.0050711160745371,0.0056778094948549,0.0067915902876179,0.0179752111958186,0.0044195486777048,0.0047714332226202,0.0027399365048053,434.91767881241566,969.2834008097165,0,57,57
5063,107,58,,0,0,1,1,C6,C6,,,,18,18,1504,1221.0,976.0,1.0,2.290388390611386,0.8441683739715009,1.0,0.3038383838383838,0.0652218037041273,82.45282300705239,79.75587752636166,10.0,3.013261056884754,2.23606797749979,54.00729844298255,44.201154780325616,50.910073102342,538.3099999999984,0.4461584099673687,0.2978582471331544,0.0277497085795284,0.0894854975831915,0.0562119084409494,0.0197879743730777,0.0222041630325922,0.0025729057831659,0.03464285616396,0.0226510473966702,0.0026042084737342,0.0211939497490221,0.0152748924920766,0.0151515360917204,0.022181254372645,0.0162733183803523,0.0106403352527669,0.0085969630564263,0.0085893211623847,0.0138301019154261,0.0108894695512082,0.0144418637707866,0.0126553098960343,0.0141676622526586,0.0049203431474244,0.0059735821108888,0.0125361704103449,0.0044722784679151,0.0028259700267024,0.0087502612964094,0.0068855715806504,1232.067154255319,993.7293882978723,0,58,58
5064,107,59,,0,0,1,1,C6,C6,,,,18,18,1255,972.0,1010.0,1.0,8.279885343854648,0.9572831525626336,1.0,0.1302407638024076,0.0227029337670993,155.98952376379,145.5609837834301,4.47213595499958,1.566475088443383,1.0,49.47726750741192,45.104706165717054,-10.931096138021006,833.4619999999977,0.2091143880696492,0.0748896164616752,0.0065662515095187,0.0274227817434841,0.0197028851178611,0.0137471179848342,0.0028982740199709,0.005554203935191,0.0152875463910953,0.0085491928543835,0.0090115688455769,0.0043016434079911,0.0017237648791455,0.0023877777695728,0.0054401800274905,0.0084032182791759,0.0038905267074994,0.000345305928173,0.0030097961267472,0.0038755974315384,0.0006846229376905,0.001522097456535,0.0016955869520404,0.0045163897208453,0.0039175278031254,0.0015081910267702,0.0006594928355217,0.0025106279057779,0.0040029677825133,0.0027786786962834,0.0007510362137346,1007.205577689243,1000.1266932270916,0,59,59
5065,107,60,,0,0,1,1,C6,C6,,,,18,18,1237,1281.0,997.0,1.0,2.084173416377433,0.8925223844448764,1.0,0.2891538101916783,0.0741842094013717,73.7910440799732,82.03657720797473,10.63014581273465,3.0165569801727536,2.23606797749979,38.64164811017535,33.27998939139909,49.220538333986426,457.75599999999855,0.4780676328502415,0.2337961216572115,0.0321190773418134,0.1110488136376568,0.0343798592719833,0.0344223691114167,0.0132353002535529,0.0486672497012339,0.0193567790518305,0.0135844691670428,0.0219846571919576,0.0174647562580067,0.0061816413070379,0.0190353971027531,0.0116775940978858,0.0058009679539376,0.0102154327544969,0.0109028382064965,0.0078206452480813,0.0057609240224521,0.0040686720607451,0.00453263112384,0.0044825222903494,0.013897569068214,0.0036054174111037,0.0073325792960234,0.0015293851641808,0.0028632625544878,0.0057443561547628,0.0056824545420263,0.0021124190152423,1280.8043654001615,994.1697655618432,0,60,60
